Target Country,Country,Population,Total Covid Cases,Total Covid Deaths,Covid Cases per Pop. 1000,Covid Deaths per Pop. 1000,Itself
Afghanistan,Afghanistan,38041754.0,39548.0,1469.0,1.0395945465606027,0.03861546447095999,True
Afghanistan,China,1397715000.0,90667.0,4739.0,0.06486801672730134,0.003390533835581646,False
Afghanistan,Iran,82913906.0,479825.0,27419.0,5.787026846859681,0.33069241726472276,False
Afghanistan,Pakistan,216565318.0,316351.0,6535.0,1.4607648303132268,0.030175653518076242,False
Afghanistan,Tajikistan,9321018.0,10014.0,78.0,1.0743461712014717,0.008368184676823926,False
Afghanistan,Uzbekistan,33580650.0,59343.0,489.0,1.767178419714925,0.014561957555913897,False
Albania,Albania,2854191.0,14568.0,403.0,5.104073273302312,0.14119587651982646,True
Albania,Greece,10716322.0,20541.0,420.0,1.9167957065866443,0.03919255132497885,False
Albania,Montenegro,622137.0,12584.0,188.0,20.22705609857636,0.3021842455922088,False
Albania,Serbia,6944975.0,34072.0,757.0,4.905993182120886,0.10899967242502673,False
Algeria,Algeria,43053054.0,52399.0,1773.0,1.2170797453764837,0.041181747524809735,True
Algeria,Libya,6777452.0,38468.0,602.0,5.6758793717757055,0.08882394150486052,False
Algeria,Mali,19658031.0,3195.0,131.0,0.1625289938753276,0.006663943097861632,False
Algeria,Mauritania,4525696.0,7523.0,162.0,1.6622857567101281,0.035795599174138076,False
Algeria,Morocco,36471769.0,137248.0,2410.0,3.7631297785418636,0.0660785058163754,False
Algeria,Niger,23310715.0,1200.0,69.0,0.05147847245354765,0.00296001216607899,False
Algeria,Tunisia,11694719.0,23453.0,321.0,2.0054351028015294,0.027448286701031464,False
Andorra,Andorra,77142.0,2370.0,53.0,30.722563584039822,0.6870446708667134,True
Andorra,France,67059887.0,634763.0,32365.0,9.465613922075352,0.48262831101996934,False
Andorra,Spain,47076781.0,825410.0,32486.0,17.533271869204484,0.6900641740989045,False
Angola,Angola,31825295.0,5725.0,211.0,0.17988835610164808,0.006629946399554191,True
Angola,"Congo, Dem. Rep.",86790567.0,10778.0,274.0,0.1241840026232344,0.0031570251177181503,False
Angola,"Congo, Rep.",5380508.0,5089.0,89.0,0.945821472619314,0.01654118904757692,False
Angola,Namibia,2494530.0,11673.0,125.0,4.679438611682361,0.050109639892083876,False
Angola,Zambia,17861030.0,15170.0,334.0,0.8493351167317899,0.018699929399368348,False
Antigua and Barbuda,Antigua and Barbuda,97118.0,108.0,3.0,1.1120492596635023,0.03089025721287506,True
Argentina,Argentina,44938712.0,824455.0,21827.0,18.34620894341609,0.48570595436736147,True
Argentina,Bolivia,11513100.0,137468.0,8156.0,11.940137756121286,0.708410419435252,False
Argentina,Brazil,211049527.0,4969141.0,147494.0,23.54490469907568,0.6988596567667267,False
Argentina,Chile,18952038.0,473306.0,13070.0,24.973884075158566,0.6896355948632015,False
Argentina,Paraguay,7044636.0,45647.0,966.0,6.4796818458753584,0.13712560876104882,False
Argentina,Uruguay,3461734.0,2177.0,49.0,0.6288755866279732,0.014154755969118367,False
Armenia,Armenia,2957731.0,53083.0,990.0,17.947203447507565,0.33471603739488137,True
Armenia,Azerbaijan,10023318.0,40931.0,600.0,4.083577913022414,0.05986041747852358,False
Armenia,Georgia,3720382.0,9245.0,58.0,2.484959877775992,0.015589796961709845,False
Armenia,Iran,82913906.0,479825.0,27419.0,5.787026846859681,0.33069241726472276,False
Armenia,Turkey,83429615.0,327557.0,8553.0,3.9261478073463483,0.10251755326930372,False
Australia,Australia,25364307.0,27174.0,895.0,1.0713480167228695,0.035285805364207265,True
Austria,Austria,8877067.0,50435.0,840.0,5.681493673529782,0.0946258488304752,True
Austria,Czech Republic,10669709.0,90022.0,794.0,8.437156064893616,0.07441627508304116,False
Austria,Germany,83132799.0,306086.0,9562.0,3.681892149451145,0.11502078740305616,False
Austria,Hungary,9769949.0,33114.0,877.0,3.3893728616188272,0.08976505404480617,False
Austria,Italy,60297396.0,330263.0,36030.0,5.4772348709718734,0.5975382419499509,False
Austria,Liechtenstein,,130.0,1.0,,,False
Austria,Slovak Republic,5454073.0,13812.0,55.0,2.5324193497226752,0.010084206793711782,False
Austria,Slovenia,2087946.0,6768.0,141.0,3.2414631412881367,0.06753048211016952,False
Austria,Switzerland,8574832.0,56502.0,1786.0,6.589283615119223,0.20828396404734228,False
Azerbaijan,Armenia,2957731.0,53083.0,990.0,17.947203447507565,0.33471603739488137,False
Azerbaijan,Azerbaijan,10023318.0,40931.0,600.0,4.083577913022414,0.05986041747852358,True
Azerbaijan,Georgia,3720382.0,9245.0,58.0,2.484959877775992,0.015589796961709845,False
Azerbaijan,Iran,82913906.0,479825.0,27419.0,5.787026846859681,0.33069241726472276,False
Azerbaijan,Russia,144373535.0,1237504.0,21663.0,8.571543254101245,0.150048275814539,False
Azerbaijan,Turkey,83429615.0,327557.0,8553.0,3.9261478073463483,0.10251755326930372,False
Bahamas,Bahamas,389482.0,4559.0,100.0,11.705290616767913,0.25675127477007925,True
Bahrain,Bahrain,1641172.0,73476.0,262.0,44.77044453597795,0.15964201192806118,True
Bangladesh,Bangladesh,163046161.0,371631.0,5405.0,2.2792992961054757,0.03315012121015226,True
Bangladesh,India,1366417754.0,6757131.0,104555.0,4.945142860021709,0.07651759477943668,False
Bangladesh,Myanmar,54045420.0,20033.0,471.0,0.3706697070723107,0.008714892029703904,False
Barbados,Barbados,287025.0,200.0,7.0,0.6968034143367302,0.02438811950178556,True
Belarus,Belarus,9466856.0,81090.0,868.0,8.565673756947396,0.09168830707892885,True
Belarus,Latvia,1912789.0,2194.0,39.0,1.14701621558886,0.02038907584683935,False
Belarus,Lithuania,2786844.0,5366.0,99.0,1.9254755558617562,0.03552405516778119,False
Belarus,Poland,37970874.0,104316.0,2717.0,2.747263599989824,0.07155484490559791,False
Belarus,Russia,144373535.0,1237504.0,21663.0,8.571543254101245,0.150048275814539,False
Belarus,Ukraine,44385155.0,234584.0,4520.0,5.285190510205496,0.10183585029724466,False
Belgium,Belgium,11484055.0,134197.0,10092.0,11.685506556699702,0.8787836700538268,True
Belgium,France,67059887.0,634763.0,32365.0,9.465613922075352,0.48262831101996934,False
Belgium,Germany,83132799.0,306086.0,9562.0,3.681892149451145,0.11502078740305616,False
Belgium,Luxembourg,619896.0,8979.0,128.0,14.484687754074876,0.20648624930633527,False
Belgium,Netherlands,17332850.0,144838.0,6473.0,8.356271472954536,0.3734527212778049,False
Belize,Belize,390353.0,2243.0,34.0,5.74608111119935,0.08710064992455546,True
Belize,Guatemala,16604026.0,94870.0,3310.0,5.713674502798297,0.19934924216572536,False
Belize,Mexico,127575529.0,769558.0,79714.0,6.032175653373148,0.6248376990856922,False
Benin,Benin,11801151.0,2357.0,41.0,0.1997262809364951,0.003474237385827874,True
Benin,Burkina Faso,20321378.0,2197.0,59.0,0.10811274707847077,0.0029033464167636663,False
Benin,Niger,23310715.0,1200.0,69.0,0.05147847245354765,0.00296001216607899,False
Benin,Nigeria,200963599.0,59583.0,1113.0,0.29648652938386116,0.005538316419183954,False
Benin,Togo,8082366.0,1881.0,49.0,0.23272888161709082,0.00606258117981789,False
Bhutan,Bhutan,763092.0,300.0,0.0,0.393137393656335,0.0,True
Bhutan,China,1397715000.0,90667.0,4739.0,0.06486801672730134,0.003390533835581646,False
Bhutan,India,1366417754.0,6757131.0,104555.0,4.945142860021709,0.07651759477943668,False
Bolivia,Argentina,44938712.0,824455.0,21827.0,18.34620894341609,0.48570595436736147,False
Bolivia,Bolivia,11513100.0,137468.0,8156.0,11.940137756121286,0.708410419435252,True
Bolivia,Brazil,211049527.0,4969141.0,147494.0,23.54490469907568,0.6988596567667267,False
Bolivia,Chile,18952038.0,473306.0,13070.0,24.973884075158566,0.6896355948632015,False
Bolivia,Paraguay,7044636.0,45647.0,966.0,6.4796818458753584,0.13712560876104882,False
Bolivia,Peru,32510453.0,832929.0,32914.0,25.620344324331622,1.0124128384184619,False
Bosnia and Herzegovina,Bosnia and Herzegovina,3301000.0,28710.0,903.0,8.697364435019692,0.2735534686458649,True
Bosnia and Herzegovina,Croatia,4067500.0,18084.0,304.0,4.445974185617701,0.07473878303626305,False
Bosnia and Herzegovina,Montenegro,622137.0,12584.0,188.0,20.22705609857636,0.3021842455922088,False
Bosnia and Herzegovina,Serbia,6944975.0,34072.0,757.0,4.905993182120886,0.10899967242502673,False
Botswana,Botswana,2303697.0,3172.0,16.0,1.376917190064492,0.006945357831346743,True
Botswana,Namibia,2494530.0,11673.0,125.0,4.679438611682361,0.050109639892083876,False
Botswana,South Africa,58558270.0,683242.0,17103.0,11.667728571899408,0.29206805460612134,False
Botswana,Zambia,17861030.0,15170.0,334.0,0.8493351167317899,0.018699929399368348,False
Botswana,Zimbabwe,14645468.0,7915.0,229.0,0.5404402235558468,0.01563623641115463,False
Brazil,Argentina,44938712.0,824455.0,21827.0,18.34620894341609,0.48570595436736147,False
Brazil,Bolivia,11513100.0,137468.0,8156.0,11.940137756121286,0.708410419435252,False
Brazil,Brazil,211049527.0,4969141.0,147494.0,23.54490469907568,0.6988596567667267,True
Brazil,Colombia,50339443.0,869808.0,27017.0,17.2788562638645,0.5366964429860697,False
Brazil,Guyana,782766.0,3188.0,92.0,4.072736935431534,0.11753193163729646,False
Brazil,Paraguay,7044636.0,45647.0,966.0,6.4796818458753584,0.13712560876104882,False
Brazil,Peru,32510453.0,832929.0,32914.0,25.620344324331622,1.0124128384184619,False
Brazil,Suriname,581372.0,4965.0,106.0,8.540142972141762,0.18232732226526216,False
Brazil,Uruguay,3461734.0,2177.0,49.0,0.6288755866279732,0.014154755969118367,False
Brazil,Venezuela,28515829.0,79796.0,665.0,2.7983054604514566,0.02332038111183792,False
Brunei,Brunei,433285.0,146.0,3.0,0.3369606609968035,0.006923849198564456,True
Brunei,Malaysia,31949777.0,13504.0,141.0,0.42266335693047247,0.004413176342357569,False
Bulgaria,Bulgaria,6975761.0,22306.0,862.0,3.1976439559784233,0.12357074733495026,True
Bulgaria,Greece,10716322.0,20541.0,420.0,1.9167957065866443,0.03919255132497885,False
Bulgaria,Romania,19356544.0,139612.0,5121.0,7.212651184013014,0.2645616903513355,False
Bulgaria,Serbia,6944975.0,34072.0,757.0,4.905993182120886,0.10899967242502673,False
Bulgaria,Turkey,83429615.0,327557.0,8553.0,3.9261478073463483,0.10251755326930372,False
Burkina Faso,Benin,11801151.0,2357.0,41.0,0.1997262809364951,0.003474237385827874,False
Burkina Faso,Burkina Faso,20321378.0,2197.0,59.0,0.10811274707847077,0.0029033464167636663,True
Burkina Faso,Cote d'Ivoire,25716544.0,19903.0,120.0,0.7739375866368359,0.004666256865619269,False
Burkina Faso,Ghana,30417856.0,46829.0,303.0,1.5395233641713606,0.00996125433692631,False
Burkina Faso,Mali,19658031.0,3195.0,131.0,0.1625289938753276,0.006663943097861632,False
Burkina Faso,Niger,23310715.0,1200.0,69.0,0.05147847245354765,0.00296001216607899,False
Burkina Faso,Togo,8082366.0,1881.0,49.0,0.23272888161709082,0.00606258117981789,False
Burundi,Burundi,11530580.0,514.0,1.0,0.04457711580857164,8.672590624235729e-05,True
Burundi,"Congo, Dem. Rep.",86790567.0,10778.0,274.0,0.1241840026232344,0.0031570251177181503,False
Burundi,Rwanda,12626950.0,4873.0,29.0,0.3859205904830541,0.002296674969014687,False
Burundi,Tanzania,58005463.0,509.0,21.0,0.008775035551392807,0.0003620348655780922,False
Cambodia,Cambodia,16486542.0,280.0,0.0,0.016983549370146876,0.0,True
Cambodia,Lao,7169455.0,23.0,0.0,0.003208054168692042,0.0,False
Cambodia,Thailand,69625582.0,3615.0,59.0,0.05192057137849131,0.0008473896850154875,False
Cambodia,Vietnam,96462106.0,1098.0,35.0,0.011382708148627815,0.00036283678069396494,False
Cameroon,Cameroon,25876380.0,20924.0,420.0,0.8086138787573841,0.016231018403656153,True
Cameroon,Central African Republic,4745185.0,4852.0,62.0,1.0225101866418276,0.013065876251400103,False
Cameroon,Chad,15946876.0,1238.0,88.0,0.07763276017196095,0.00551832220931548,False
Cameroon,"Congo, Rep.",5380508.0,5089.0,89.0,0.945821472619314,0.01654118904757692,False
Cameroon,Equatorial Guinea,1355986.0,5052.0,83.0,3.725702182765899,0.061210071490413624,False
Cameroon,Gabon,2172579.0,8808.0,54.0,4.054167880661647,0.024855252674356145,False
Cameroon,Nigeria,200963599.0,59583.0,1113.0,0.29648652938386116,0.005538316419183954,False
Canada,Canada,37589262.0,171323.0,9530.0,4.557764395587229,0.25352985115802484,True
Canada,United States,328239523.0,7501612.0,210909.0,22.854079031792892,0.642546022710373,False
Cape Verde,Cape Verde,549935.0,6518.0,69.0,11.852309818433087,0.12546937365324992,True
Central African Republic,Cameroon,25876380.0,20924.0,420.0,0.8086138787573841,0.016231018403656153,False
Central African Republic,Central African Republic,4745185.0,4852.0,62.0,1.0225101866418276,0.013065876251400103,True
Central African Republic,Chad,15946876.0,1238.0,88.0,0.07763276017196095,0.00551832220931548,False
Central African Republic,"Congo, Dem. Rep.",86790567.0,10778.0,274.0,0.1241840026232344,0.0031570251177181503,False
Central African Republic,"Congo, Rep.",5380508.0,5089.0,89.0,0.945821472619314,0.01654118904757692,False
Central African Republic,South Sudan,,2734.0,50.0,,,False
Central African Republic,Sudan,42813238.0,13653.0,836.0,0.3188966926538002,0.01952667069937574,False
Chad,Cameroon,25876380.0,20924.0,420.0,0.8086138787573841,0.016231018403656153,False
Chad,Central African Republic,4745185.0,4852.0,62.0,1.0225101866418276,0.013065876251400103,False
Chad,Chad,15946876.0,1238.0,88.0,0.07763276017196095,0.00551832220931548,True
Chad,Libya,6777452.0,38468.0,602.0,5.6758793717757055,0.08882394150486052,False
Chad,Niger,23310715.0,1200.0,69.0,0.05147847245354765,0.00296001216607899,False
Chad,Nigeria,200963599.0,59583.0,1113.0,0.29648652938386116,0.005538316419183954,False
Chad,Sudan,42813238.0,13653.0,836.0,0.3188966926538002,0.01952667069937574,False
Chile,Argentina,44938712.0,824455.0,21827.0,18.34620894341609,0.48570595436736147,False
Chile,Bolivia,11513100.0,137468.0,8156.0,11.940137756121286,0.708410419435252,False
Chile,Chile,18952038.0,473306.0,13070.0,24.973884075158566,0.6896355948632015,True
Chile,Peru,32510453.0,832929.0,32914.0,25.620344324331622,1.0124128384184619,False
China,Afghanistan,38041754.0,39548.0,1469.0,1.0395945465606027,0.03861546447095999,False
China,Bhutan,763092.0,300.0,0.0,0.393137393656335,0.0,False
China,China,1397715000.0,90667.0,4739.0,0.06486801672730134,0.003390533835581646,True
China,India,1366417754.0,6757131.0,104555.0,4.945142860021709,0.07651759477943668,False
China,Kazakhstan,18513930.0,142239.0,2107.0,7.682809646574228,0.11380619889996343,False
China,Kyrgyz Republic,6456900.0,47799.0,1500.0,7.402778423082284,0.23230962226455418,False
China,Lao,7169455.0,23.0,0.0,0.003208054168692042,0.0,False
China,Mongolia,3225167.0,315.0,0.0,0.09766936099743052,0.0,False
China,Myanmar,54045420.0,20033.0,471.0,0.3706697070723107,0.008714892029703904,False
China,Nepal,28608710.0,90814.0,563.0,3.174347952074735,0.01967932143742238,False
China,Pakistan,216565318.0,316351.0,6535.0,1.4607648303132268,0.030175653518076242,False
China,Russia,144373535.0,1237504.0,21663.0,8.571543254101245,0.150048275814539,False
China,South Korea,51709098.0,24353.0,425.0,0.4709616091156724,0.008219056538174384,False
China,Tajikistan,9321018.0,10014.0,78.0,1.0743461712014717,0.008368184676823926,False
China,Vietnam,96462106.0,1098.0,35.0,0.011382708148627815,0.00036283678069396494,False
Colombia,Brazil,211049527.0,4969141.0,147494.0,23.54490469907568,0.6988596567667267,False
Colombia,Colombia,50339443.0,869808.0,27017.0,17.2788562638645,0.5366964429860697,True
Colombia,Ecuador,17373662.0,142056.0,11702.0,8.17651454252995,0.6735482709402313,False
Colombia,Panama,4246439.0,116602.0,2440.0,27.458771926312846,0.5745990934992826,False
Colombia,Peru,32510453.0,832929.0,32914.0,25.620344324331622,1.0124128384184619,False
Colombia,Venezuela,28515829.0,79796.0,665.0,2.7983054604514566,0.02332038111183792,False
Comoros,Comoros,850886.0,491.0,7.0,0.577045573672619,0.008226718972929394,True
"Congo, Dem. Rep.",Angola,31825295.0,5725.0,211.0,0.17988835610164808,0.006629946399554191,False
"Congo, Dem. Rep.",Burundi,11530580.0,514.0,1.0,0.04457711580857164,8.672590624235729e-05,False
"Congo, Dem. Rep.",Central African Republic,4745185.0,4852.0,62.0,1.0225101866418276,0.013065876251400103,False
"Congo, Dem. Rep.","Congo, Dem. Rep.",86790567.0,10778.0,274.0,0.1241840026232344,0.0031570251177181503,True
"Congo, Dem. Rep.","Congo, Rep.",5380508.0,5089.0,89.0,0.945821472619314,0.01654118904757692,False
"Congo, Dem. Rep.",Rwanda,12626950.0,4873.0,29.0,0.3859205904830541,0.002296674969014687,False
"Congo, Dem. Rep.",South Sudan,,2734.0,50.0,,,False
"Congo, Dem. Rep.",Tanzania,58005463.0,509.0,21.0,0.008775035551392807,0.0003620348655780922,False
"Congo, Dem. Rep.",Uganda,44269594.0,9082.0,84.0,0.20515209604135967,0.0018974648830075106,False
"Congo, Dem. Rep.",Zambia,17861030.0,15170.0,334.0,0.8493351167317899,0.018699929399368348,False
"Congo, Rep.",Angola,31825295.0,5725.0,211.0,0.17988835610164808,0.006629946399554191,False
"Congo, Rep.",Cameroon,25876380.0,20924.0,420.0,0.8086138787573841,0.016231018403656153,False
"Congo, Rep.",Central African Republic,4745185.0,4852.0,62.0,1.0225101866418276,0.013065876251400103,False
"Congo, Rep.","Congo, Dem. Rep.",86790567.0,10778.0,274.0,0.1241840026232344,0.0031570251177181503,False
"Congo, Rep.","Congo, Rep.",5380508.0,5089.0,89.0,0.945821472619314,0.01654118904757692,True
"Congo, Rep.",Gabon,2172579.0,8808.0,54.0,4.054167880661647,0.024855252674356145,False
Costa Rica,Costa Rica,5047561.0,82142.0,1004.0,16.273602240765392,0.19890794781875842,True
Costa Rica,Nicaragua,6545502.0,5264.0,153.0,0.8042163916533828,0.02337483053247864,False
Costa Rica,Panama,4246439.0,116602.0,2440.0,27.458771926312846,0.5745990934992826,False
Cote d'Ivoire,Burkina Faso,20321378.0,2197.0,59.0,0.10811274707847077,0.0029033464167636663,False
Cote d'Ivoire,Cote d'Ivoire,25716544.0,19903.0,120.0,0.7739375866368359,0.004666256865619269,True
Cote d'Ivoire,Ghana,30417856.0,46829.0,303.0,1.5395233641713606,0.00996125433692631,False
Cote d'Ivoire,Guinea,12771246.0,10863.0,68.0,0.8505826291342286,0.005324460902248692,False
Cote d'Ivoire,Liberia,4937374.0,1354.0,82.0,0.27423484629683714,0.01660801875652928,False
Cote d'Ivoire,Mali,19658031.0,3195.0,131.0,0.1625289938753276,0.006663943097861632,False
Croatia,Bosnia and Herzegovina,3301000.0,28710.0,903.0,8.697364435019692,0.2735534686458649,False
Croatia,Croatia,4067500.0,18084.0,304.0,4.445974185617701,0.07473878303626305,True
Croatia,Hungary,9769949.0,33114.0,877.0,3.3893728616188272,0.08976505404480617,False
Croatia,Montenegro,622137.0,12584.0,188.0,20.22705609857636,0.3021842455922088,False
Croatia,Serbia,6944975.0,34072.0,757.0,4.905993182120886,0.10899967242502673,False
Croatia,Slovenia,2087946.0,6768.0,141.0,3.2414631412881367,0.06753048211016952,False
Cuba,Cuba,11333483.0,5883.0,123.0,0.5190813803664769,0.010852797855698907,True
Cyprus,Cyprus,1198575.0,1876.0,23.0,1.5651919988319463,0.01918945414346203,True
Czech Republic,Austria,8877067.0,50435.0,840.0,5.681493673529782,0.0946258488304752,False
Czech Republic,Czech Republic,10669709.0,90022.0,794.0,8.437156064893616,0.07441627508304116,True
Czech Republic,Germany,83132799.0,306086.0,9562.0,3.681892149451145,0.11502078740305616,False
Czech Republic,Poland,37970874.0,104316.0,2717.0,2.747263599989824,0.07155484490559791,False
Czech Republic,Slovak Republic,5454073.0,13812.0,55.0,2.5324193497226752,0.010084206793711782,False
Denmark,Denmark,5818553.0,30379.0,663.0,5.2210575378448905,0.11394585561049285,True
Denmark,Germany,83132799.0,306086.0,9562.0,3.681892149451145,0.11502078740305616,False
Djibouti,Djibouti,973560.0,5423.0,61.0,5.570278154402399,0.06265664160401002,True
Djibouti,Eritrea,,398.0,0.0,,,False
Djibouti,Ethiopia,112078730.0,80003.0,1238.0,0.7138107292971646,0.011045806818117943,False
Djibouti,Somalia,15442905.0,3745.0,99.0,0.24250618649794192,0.00641071093812984,False
Dominica,Dominica,71808.0,31.0,0.0,0.4317067736185383,0.0,True
Dominican Republic,Dominican Republic,10738958.0,115371.0,2149.0,10.743221083460798,0.20011252488369916,True
Dominican Republic,Haiti,11263077.0,8838.0,229.0,0.7846878788096717,0.02033192172973691,False
Ecuador,Colombia,50339443.0,869808.0,27017.0,17.2788562638645,0.5366964429860697,False
Ecuador,Ecuador,17373662.0,142056.0,11702.0,8.17651454252995,0.6735482709402313,True
Ecuador,Peru,32510453.0,832929.0,32914.0,25.620344324331622,1.0124128384184619,False
Egypt,Egypt,100388073.0,103902.0,6001.0,1.0350034311346927,0.059778017653551334,True
Egypt,Israel,9053300.0,277026.0,1797.0,30.599449924336984,0.19849115792031635,False
Egypt,Libya,6777452.0,38468.0,602.0,5.6758793717757055,0.08882394150486052,False
Egypt,Palestine,,53429.0,412.0,,,False
Egypt,Sudan,42813238.0,13653.0,836.0,0.3188966926538002,0.01952667069937574,False
El Salvador,El Salvador,6453553.0,29737.0,873.0,4.60784935058254,0.13527432098256573,True
El Salvador,Guatemala,16604026.0,94870.0,3310.0,5.713674502798297,0.19934924216572536,False
El Salvador,Honduras,9746117.0,80662.0,2447.0,8.276321739211628,0.25107435094407343,False
Equatorial Guinea,Cameroon,25876380.0,20924.0,420.0,0.8086138787573841,0.016231018403656153,False
Equatorial Guinea,Equatorial Guinea,1355986.0,5052.0,83.0,3.725702182765899,0.061210071490413624,True
Equatorial Guinea,Gabon,2172579.0,8808.0,54.0,4.054167880661647,0.024855252674356145,False
Eritrea,Djibouti,973560.0,5423.0,61.0,5.570278154402399,0.06265664160401002,False
Eritrea,Eritrea,,398.0,0.0,,,True
Eritrea,Ethiopia,112078730.0,80003.0,1238.0,0.7138107292971646,0.011045806818117943,False
Eritrea,Sudan,42813238.0,13653.0,836.0,0.3188966926538002,0.01952667069937574,False
Estonia,Estonia,1326590.0,3659.0,67.0,2.7581995944489255,0.05050543121838699,True
Estonia,Latvia,1912789.0,2194.0,39.0,1.14701621558886,0.02038907584683935,False
Estonia,Russia,144373535.0,1237504.0,21663.0,8.571543254101245,0.150048275814539,False
Ethiopia,Djibouti,973560.0,5423.0,61.0,5.570278154402399,0.06265664160401002,False
Ethiopia,Eritrea,,398.0,0.0,,,False
Ethiopia,Ethiopia,112078730.0,80003.0,1238.0,0.7138107292971646,0.011045806818117943,True
Ethiopia,Kenya,52573973.0,39586.0,743.0,0.7529581224534809,0.0141324681701343,False
Ethiopia,Somalia,15442905.0,3745.0,99.0,0.24250618649794192,0.00641071093812984,False
Ethiopia,South Sudan,,2734.0,50.0,,,False
Ethiopia,Sudan,42813238.0,13653.0,836.0,0.3188966926538002,0.01952667069937574,False
Fiji,Fiji,889953.0,32.0,2.0,0.035956955030209466,0.0022473096893880916,True
Finland,Finland,5520314.0,10929.0,346.0,1.9797786865022533,0.06267759406439562,True
Finland,Norway,5347896.0,14604.0,275.0,2.730793568162133,0.05142209197785447,False
Finland,Russia,144373535.0,1237504.0,21663.0,8.571543254101245,0.150048275814539,False
Finland,Sweden,10285453.0,96145.0,5883.0,9.347668012288812,0.5719728630328679,False
France,Andorra,77142.0,2370.0,53.0,30.722563584039822,0.6870446708667134,False
France,Belgium,11484055.0,134197.0,10092.0,11.685506556699702,0.8787836700538268,False
France,France,67059887.0,634763.0,32365.0,9.465613922075352,0.48262831101996934,True
France,Germany,83132799.0,306086.0,9562.0,3.681892149451145,0.11502078740305616,False
France,Italy,60297396.0,330263.0,36030.0,5.4772348709718734,0.5975382419499509,False
France,Luxembourg,619896.0,8979.0,128.0,14.484687754074876,0.20648624930633527,False
France,Monaco,,224.0,1.0,,,False
France,Spain,47076781.0,825410.0,32486.0,17.533271869204484,0.6900641740989045,False
France,Switzerland,8574832.0,56502.0,1786.0,6.589283615119223,0.20828396404734228,False
French Guiana,Brazil,211049527.0,4969141.0,147494.0,23.54490469907568,0.6988596567667267,False
French Guiana,Suriname,581372.0,4965.0,106.0,8.540142972141762,0.18232732226526216,False
Gabon,Cameroon,25876380.0,20924.0,420.0,0.8086138787573841,0.016231018403656153,False
Gabon,"Congo, Rep.",5380508.0,5089.0,89.0,0.945821472619314,0.01654118904757692,False
Gabon,Equatorial Guinea,1355986.0,5052.0,83.0,3.725702182765899,0.061210071490413624,False
Gabon,Gabon,2172579.0,8808.0,54.0,4.054167880661647,0.024855252674356145,True
Gambia,Gambia,2347706.0,3613.0,117.0,1.5389490847661504,0.049835882346426684,True
Gambia,Senegal,16296364.0,15141.0,312.0,0.9291029581813465,0.01914537500512384,False
Georgia,Armenia,2957731.0,53083.0,990.0,17.947203447507565,0.33471603739488137,False
Georgia,Azerbaijan,10023318.0,40931.0,600.0,4.083577913022414,0.05986041747852358,False
Georgia,Georgia,3720382.0,9245.0,58.0,2.484959877775992,0.015589796961709845,True
Georgia,Russia,144373535.0,1237504.0,21663.0,8.571543254101245,0.150048275814539,False
Georgia,Turkey,83429615.0,327557.0,8553.0,3.9261478073463483,0.10251755326930372,False
Germany,Austria,8877067.0,50435.0,840.0,5.681493673529782,0.0946258488304752,False
Germany,Belgium,11484055.0,134197.0,10092.0,11.685506556699702,0.8787836700538268,False
Germany,Czech Republic,10669709.0,90022.0,794.0,8.437156064893616,0.07441627508304116,False
Germany,Denmark,5818553.0,30379.0,663.0,5.2210575378448905,0.11394585561049285,False
Germany,France,67059887.0,634763.0,32365.0,9.465613922075352,0.48262831101996934,False
Germany,Germany,83132799.0,306086.0,9562.0,3.681892149451145,0.11502078740305616,True
Germany,Luxembourg,619896.0,8979.0,128.0,14.484687754074876,0.20648624930633527,False
Germany,Netherlands,17332850.0,144838.0,6473.0,8.356271472954536,0.3734527212778049,False
Germany,Poland,37970874.0,104316.0,2717.0,2.747263599989824,0.07155484490559791,False
Germany,Switzerland,8574832.0,56502.0,1786.0,6.589283615119223,0.20828396404734228,False
Ghana,Burkina Faso,20321378.0,2197.0,59.0,0.10811274707847077,0.0029033464167636663,False
Ghana,Cote d'Ivoire,25716544.0,19903.0,120.0,0.7739375866368359,0.004666256865619269,False
Ghana,Ghana,30417856.0,46829.0,303.0,1.5395233641713606,0.00996125433692631,True
Ghana,Togo,8082366.0,1881.0,49.0,0.23272888161709082,0.00606258117981789,False
Gibraltar,Spain,47076781.0,825410.0,32486.0,17.533271869204484,0.6900641740989045,False
Greece,Albania,2854191.0,14568.0,403.0,5.104073273302312,0.14119587651982646,False
Greece,Bulgaria,6975761.0,22306.0,862.0,3.1976439559784233,0.12357074733495026,False
Greece,Greece,10716322.0,20541.0,420.0,1.9167957065866443,0.03919255132497885,True
Greece,Turkey,83429615.0,327557.0,8553.0,3.9261478073463483,0.10251755326930372,False
Grenada,Grenada,112003.0,24.0,0.0,0.21427997464353635,0.0,True
Guatemala,Belize,390353.0,2243.0,34.0,5.74608111119935,0.08710064992455546,False
Guatemala,El Salvador,6453553.0,29737.0,873.0,4.60784935058254,0.13527432098256573,False
Guatemala,Guatemala,16604026.0,94870.0,3310.0,5.713674502798297,0.19934924216572536,True
Guatemala,Honduras,9746117.0,80662.0,2447.0,8.276321739211628,0.25107435094407343,False
Guatemala,Mexico,127575529.0,769558.0,79714.0,6.032175653373148,0.6248376990856922,False
Guinea,Cote d'Ivoire,25716544.0,19903.0,120.0,0.7739375866368359,0.004666256865619269,False
Guinea,Guinea,12771246.0,10863.0,68.0,0.8505826291342286,0.005324460902248692,True
Guinea,Guinea-Bissau,1920922.0,2362.0,39.0,1.2296178605898624,0.020302750450044302,False
Guinea,Liberia,4937374.0,1354.0,82.0,0.27423484629683714,0.01660801875652928,False
Guinea,Mali,19658031.0,3195.0,131.0,0.1625289938753276,0.006663943097861632,False
Guinea,Senegal,16296364.0,15141.0,312.0,0.9291029581813465,0.01914537500512384,False
Guinea,Sierra Leone,7813215.0,2277.0,72.0,0.29142932838786595,0.009215156628865327,False
Guinea-Bissau,Guinea,12771246.0,10863.0,68.0,0.8505826291342286,0.005324460902248692,False
Guinea-Bissau,Guinea-Bissau,1920922.0,2362.0,39.0,1.2296178605898624,0.020302750450044302,True
Guinea-Bissau,Senegal,16296364.0,15141.0,312.0,0.9291029581813465,0.01914537500512384,False
Guyana,Brazil,211049527.0,4969141.0,147494.0,23.54490469907568,0.6988596567667267,False
Guyana,Guyana,782766.0,3188.0,92.0,4.072736935431534,0.11753193163729646,True
Guyana,Suriname,581372.0,4965.0,106.0,8.540142972141762,0.18232732226526216,False
Guyana,Venezuela,28515829.0,79796.0,665.0,2.7983054604514566,0.02332038111183792,False
Haiti,Dominican Republic,10738958.0,115371.0,2149.0,10.743221083460798,0.20011252488369916,False
Haiti,Haiti,11263077.0,8838.0,229.0,0.7846878788096717,0.02033192172973691,True
Holy See,Italy,60297396.0,330263.0,36030.0,5.4772348709718734,0.5975382419499509,False
Honduras,El Salvador,6453553.0,29737.0,873.0,4.60784935058254,0.13527432098256573,False
Honduras,Guatemala,16604026.0,94870.0,3310.0,5.713674502798297,0.19934924216572536,False
Honduras,Honduras,9746117.0,80662.0,2447.0,8.276321739211628,0.25107435094407343,True
Honduras,Nicaragua,6545502.0,5264.0,153.0,0.8042163916533828,0.02337483053247864,False
Hong Kong,China,1397715000.0,90667.0,4739.0,0.06486801672730134,0.003390533835581646,False
Hungary,Austria,8877067.0,50435.0,840.0,5.681493673529782,0.0946258488304752,False
Hungary,Croatia,4067500.0,18084.0,304.0,4.445974185617701,0.07473878303626305,False
Hungary,Hungary,9769949.0,33114.0,877.0,3.3893728616188272,0.08976505404480617,True
Hungary,Romania,19356544.0,139612.0,5121.0,7.212651184013014,0.2645616903513355,False
Hungary,Serbia,6944975.0,34072.0,757.0,4.905993182120886,0.10899967242502673,False
Hungary,Slovak Republic,5454073.0,13812.0,55.0,2.5324193497226752,0.010084206793711782,False
Hungary,Slovenia,2087946.0,6768.0,141.0,3.2414631412881367,0.06753048211016952,False
Hungary,Ukraine,44385155.0,234584.0,4520.0,5.285190510205496,0.10183585029724466,False
Iceland,Iceland,361313.0,3081.0,10.0,8.527232621023877,0.027676834212995383,True
India,Bangladesh,163046161.0,371631.0,5405.0,2.2792992961054757,0.03315012121015226,False
India,Bhutan,763092.0,300.0,0.0,0.393137393656335,0.0,False
India,China,1397715000.0,90667.0,4739.0,0.06486801672730134,0.003390533835581646,False
India,India,1366417754.0,6757131.0,104555.0,4.945142860021709,0.07651759477943668,True
India,Myanmar,54045420.0,20033.0,471.0,0.3706697070723107,0.008714892029703904,False
India,Nepal,28608710.0,90814.0,563.0,3.174347952074735,0.01967932143742238,False
India,Pakistan,216565318.0,316351.0,6535.0,1.4607648303132268,0.030175653518076242,False
Indonesia,Indonesia,270625568.0,311176.0,11374.0,1.149839618997123,0.04202854920197341,True
Indonesia,Malaysia,31949777.0,13504.0,141.0,0.42266335693047247,0.004413176342357569,False
Indonesia,Papua New Guinea,,541.0,7.0,,,False
Iran,Afghanistan,38041754.0,39548.0,1469.0,1.0395945465606027,0.03861546447095999,False
Iran,Armenia,2957731.0,53083.0,990.0,17.947203447507565,0.33471603739488137,False
Iran,Azerbaijan,10023318.0,40931.0,600.0,4.083577913022414,0.05986041747852358,False
Iran,Iran,82913906.0,479825.0,27419.0,5.787026846859681,0.33069241726472276,True
Iran,Iraq,39309783.0,387121.0,9531.0,9.847955660299625,0.24245872840356306,False
Iran,Pakistan,216565318.0,316351.0,6535.0,1.4607648303132268,0.030175653518076242,False
Iran,Turkey,83429615.0,327557.0,8553.0,3.9261478073463483,0.10251755326930372,False
Iraq,Iran,82913906.0,479825.0,27419.0,5.787026846859681,0.33069241726472276,False
Iraq,Iraq,39309783.0,387121.0,9531.0,9.847955660299625,0.24245872840356306,True
Iraq,Jordan,10101694.0,19001.0,122.0,1.8809716469336728,0.012077182302295042,False
Iraq,Kuwait,4207083.0,108268.0,632.0,25.734695512306267,0.15022285036924632,False
Iraq,Saudi Arabia,34268528.0,337243.0,4923.0,9.841187225783377,0.14365951172457714,False
Iraq,Syria,17070135.0,4457.0,209.0,0.2610992824602735,0.01224360557195359,False
Iraq,Turkey,83429615.0,327557.0,8553.0,3.9261478073463483,0.10251755326930372,False
Ireland,Ireland,4941444.0,38975.0,1811.0,7.887370574269383,0.36649206183455685,True
Ireland,United Kingdom,66834405.0,530113.0,42445.0,7.931738151929385,0.6350770983896692,False
Israel,Egypt,100388073.0,103902.0,6001.0,1.0350034311346927,0.059778017653551334,False
Israel,Israel,9053300.0,277026.0,1797.0,30.599449924336984,0.19849115792031635,True
Israel,Jordan,10101694.0,19001.0,122.0,1.8809716469336728,0.012077182302295042,False
Israel,Lebanon,6855713.0,46918.0,424.0,6.843635373884526,0.06184622956065985,False
Israel,Palestine,,53429.0,412.0,,,False
Israel,Syria,17070135.0,4457.0,209.0,0.2610992824602735,0.01224360557195359,False
Italy,Austria,8877067.0,50435.0,840.0,5.681493673529782,0.0946258488304752,False
Italy,France,67059887.0,634763.0,32365.0,9.465613922075352,0.48262831101996934,False
Italy,Italy,60297396.0,330263.0,36030.0,5.4772348709718734,0.5975382419499509,True
Italy,San Marino,,751.0,42.0,,,False
Italy,Slovenia,2087946.0,6768.0,141.0,3.2414631412881367,0.06753048211016952,False
Italy,Switzerland,8574832.0,56502.0,1786.0,6.589283615119223,0.20828396404734228,False
Jamaica,Jamaica,2948279.0,7109.0,123.0,2.411237199735846,0.0417192538426655,True
Japan,Japan,126264931.0,86543.0,1605.0,0.6854080488904714,0.012711367972790481,True
Jordan,Iraq,39309783.0,387121.0,9531.0,9.847955660299625,0.24245872840356306,False
Jordan,Israel,9053300.0,277026.0,1797.0,30.599449924336984,0.19849115792031635,False
Jordan,Jordan,10101694.0,19001.0,122.0,1.8809716469336728,0.012077182302295042,True
Jordan,Palestine,,53429.0,412.0,,,False
Jordan,Saudi Arabia,34268528.0,337243.0,4923.0,9.841187225783377,0.14365951172457714,False
Jordan,Syria,17070135.0,4457.0,209.0,0.2610992824602735,0.01224360557195359,False
Kazakhstan,China,1397715000.0,90667.0,4739.0,0.06486801672730134,0.003390533835581646,False
Kazakhstan,Kazakhstan,18513930.0,142239.0,2107.0,7.682809646574228,0.11380619889996343,True
Kazakhstan,Kyrgyz Republic,6456900.0,47799.0,1500.0,7.402778423082284,0.23230962226455418,False
Kazakhstan,Russia,144373535.0,1237504.0,21663.0,8.571543254101245,0.150048275814539,False
Kazakhstan,Uzbekistan,33580650.0,59343.0,489.0,1.767178419714925,0.014561957555913897,False
Kenya,Ethiopia,112078730.0,80003.0,1238.0,0.7138107292971646,0.011045806818117943,False
Kenya,Kenya,52573973.0,39586.0,743.0,0.7529581224534809,0.0141324681701343,True
Kenya,Somalia,15442905.0,3745.0,99.0,0.24250618649794192,0.00641071093812984,False
Kenya,South Sudan,,2734.0,50.0,,,False
Kenya,Tanzania,58005463.0,509.0,21.0,0.008775035551392807,0.0003620348655780922,False
Kenya,Uganda,44269594.0,9082.0,84.0,0.20515209604135967,0.0018974648830075106,False
Korea (the Republic of),South Korea,51709098.0,24353.0,425.0,0.4709616091156724,0.008219056538174384,False
Kuwait,Iraq,39309783.0,387121.0,9531.0,9.847955660299625,0.24245872840356306,False
Kuwait,Kuwait,4207083.0,108268.0,632.0,25.734695512306267,0.15022285036924632,True
Kuwait,Saudi Arabia,34268528.0,337243.0,4923.0,9.841187225783377,0.14365951172457714,False
Kyrgyz Republic,China,1397715000.0,90667.0,4739.0,0.06486801672730134,0.003390533835581646,False
Kyrgyz Republic,Kazakhstan,18513930.0,142239.0,2107.0,7.682809646574228,0.11380619889996343,False
Kyrgyz Republic,Kyrgyz Republic,6456900.0,47799.0,1500.0,7.402778423082284,0.23230962226455418,True
Kyrgyz Republic,Tajikistan,9321018.0,10014.0,78.0,1.0743461712014717,0.008368184676823926,False
Kyrgyz Republic,Uzbekistan,33580650.0,59343.0,489.0,1.767178419714925,0.014561957555913897,False
Lao,Cambodia,16486542.0,280.0,0.0,0.016983549370146876,0.0,False
Lao,China,1397715000.0,90667.0,4739.0,0.06486801672730134,0.003390533835581646,False
Lao,Lao,7169455.0,23.0,0.0,0.003208054168692042,0.0,True
Lao,Myanmar,54045420.0,20033.0,471.0,0.3706697070723107,0.008714892029703904,False
Lao,Thailand,69625582.0,3615.0,59.0,0.05192057137849131,0.0008473896850154875,False
Lao,Vietnam,96462106.0,1098.0,35.0,0.011382708148627815,0.00036283678069396494,False
Latvia,Belarus,9466856.0,81090.0,868.0,8.565673756947396,0.09168830707892885,False
Latvia,Estonia,1326590.0,3659.0,67.0,2.7581995944489255,0.05050543121838699,False
Latvia,Latvia,1912789.0,2194.0,39.0,1.14701621558886,0.02038907584683935,True
Latvia,Lithuania,2786844.0,5366.0,99.0,1.9254755558617562,0.03552405516778119,False
Latvia,Russia,144373535.0,1237504.0,21663.0,8.571543254101245,0.150048275814539,False
Lebanon,Israel,9053300.0,277026.0,1797.0,30.599449924336984,0.19849115792031635,False
Lebanon,Lebanon,6855713.0,46918.0,424.0,6.843635373884526,0.06184622956065985,True
Lebanon,Syria,17070135.0,4457.0,209.0,0.2610992824602735,0.01224360557195359,False
Lesotho,Lesotho,2125268.0,1683.0,39.0,0.7919001274192242,0.018350626838591653,True
Lesotho,South Africa,58558270.0,683242.0,17103.0,11.667728571899408,0.29206805460612134,False
Liberia,Cote d'Ivoire,25716544.0,19903.0,120.0,0.7739375866368359,0.004666256865619269,False
Liberia,Guinea,12771246.0,10863.0,68.0,0.8505826291342286,0.005324460902248692,False
Liberia,Liberia,4937374.0,1354.0,82.0,0.27423484629683714,0.01660801875652928,True
Liberia,Sierra Leone,7813215.0,2277.0,72.0,0.29142932838786595,0.009215156628865327,False
Libya,Algeria,43053054.0,52399.0,1773.0,1.2170797453764837,0.041181747524809735,False
Libya,Chad,15946876.0,1238.0,88.0,0.07763276017196095,0.00551832220931548,False
Libya,Egypt,100388073.0,103902.0,6001.0,1.0350034311346927,0.059778017653551334,False
Libya,Libya,6777452.0,38468.0,602.0,5.6758793717757055,0.08882394150486052,True
Libya,Niger,23310715.0,1200.0,69.0,0.05147847245354765,0.00296001216607899,False
Libya,Sudan,42813238.0,13653.0,836.0,0.3188966926538002,0.01952667069937574,False
Libya,Tunisia,11694719.0,23453.0,321.0,2.0054351028015294,0.027448286701031464,False
Liechtenstein,Austria,8877067.0,50435.0,840.0,5.681493673529782,0.0946258488304752,False
Liechtenstein,Liechtenstein,,130.0,1.0,,,True
Liechtenstein,Switzerland,8574832.0,56502.0,1786.0,6.589283615119223,0.20828396404734228,False
Lithuania,Belarus,9466856.0,81090.0,868.0,8.565673756947396,0.09168830707892885,False
Lithuania,Latvia,1912789.0,2194.0,39.0,1.14701621558886,0.02038907584683935,False
Lithuania,Lithuania,2786844.0,5366.0,99.0,1.9254755558617562,0.03552405516778119,True
Lithuania,Poland,37970874.0,104316.0,2717.0,2.747263599989824,0.07155484490559791,False
Lithuania,Russia,144373535.0,1237504.0,21663.0,8.571543254101245,0.150048275814539,False
Luxembourg,Belgium,11484055.0,134197.0,10092.0,11.685506556699702,0.8787836700538268,False
Luxembourg,France,67059887.0,634763.0,32365.0,9.465613922075352,0.48262831101996934,False
Luxembourg,Germany,83132799.0,306086.0,9562.0,3.681892149451145,0.11502078740305616,False
Luxembourg,Luxembourg,619896.0,8979.0,128.0,14.484687754074876,0.20648624930633527,True
Macao,China,1397715000.0,90667.0,4739.0,0.06486801672730134,0.003390533835581646,False
Madagascar,Madagascar,26969307.0,16600.0,234.0,0.6155145180408231,0.008676529953105581,True
Malawi,Malawi,18628747.0,5796.0,180.0,0.31113203695342473,0.009662485619671576,True
Malawi,Mozambique,30366036.0,9398.0,67.0,0.3094905110433248,0.0022064124537032096,False
Malawi,Tanzania,58005463.0,509.0,21.0,0.008775035551392807,0.0003620348655780922,False
Malawi,Zambia,17861030.0,15170.0,334.0,0.8493351167317899,0.018699929399368348,False
Malaysia,Brunei,433285.0,146.0,3.0,0.3369606609968035,0.006923849198564456,False
Malaysia,Indonesia,270625568.0,311176.0,11374.0,1.149839618997123,0.04202854920197341,False
Malaysia,Malaysia,31949777.0,13504.0,141.0,0.42266335693047247,0.004413176342357569,True
Malaysia,Thailand,69625582.0,3615.0,59.0,0.05192057137849131,0.0008473896850154875,False
Maldives,Maldives,530953.0,10621.0,34.0,20.003653807399147,0.06403579977888815,True
Mali,Algeria,43053054.0,52399.0,1773.0,1.2170797453764837,0.041181747524809735,False
Mali,Burkina Faso,20321378.0,2197.0,59.0,0.10811274707847077,0.0029033464167636663,False
Mali,Cote d'Ivoire,25716544.0,19903.0,120.0,0.7739375866368359,0.004666256865619269,False
Mali,Guinea,12771246.0,10863.0,68.0,0.8505826291342286,0.005324460902248692,False
Mali,Mali,19658031.0,3195.0,131.0,0.1625289938753276,0.006663943097861632,True
Mali,Mauritania,4525696.0,7523.0,162.0,1.6622857567101281,0.035795599174138076,False
Mali,Niger,23310715.0,1200.0,69.0,0.05147847245354765,0.00296001216607899,False
Mali,Senegal,16296364.0,15141.0,312.0,0.9291029581813465,0.01914537500512384,False
Malta,Malta,502653.0,3374.0,40.0,6.712384090018363,0.07957776040330009,True
Mauritania,Algeria,43053054.0,52399.0,1773.0,1.2170797453764837,0.041181747524809735,False
Mauritania,Mali,19658031.0,3195.0,131.0,0.1625289938753276,0.006663943097861632,False
Mauritania,Mauritania,4525696.0,7523.0,162.0,1.6622857567101281,0.035795599174138076,True
Mauritania,Senegal,16296364.0,15141.0,312.0,0.9291029581813465,0.01914537500512384,False
Mauritius,Mauritius,1265711.0,395.0,10.0,0.31207755956928557,0.007900697710614824,True
Mexico,Belize,390353.0,2243.0,34.0,5.74608111119935,0.08710064992455546,False
Mexico,Guatemala,16604026.0,94870.0,3310.0,5.713674502798297,0.19934924216572536,False
Mexico,Mexico,127575529.0,769558.0,79714.0,6.032175653373148,0.6248376990856922,True
Mexico,United States,328239523.0,7501612.0,210909.0,22.854079031792892,0.642546022710373,False
Moldova,Moldova,2657637.0,57732.0,1389.0,21.723056986337863,0.5226447404216602,True
Moldova,Romania,19356544.0,139612.0,5121.0,7.212651184013014,0.2645616903513355,False
Moldova,Ukraine,44385155.0,234584.0,4520.0,5.285190510205496,0.10183585029724466,False
Monaco,France,67059887.0,634763.0,32365.0,9.465613922075352,0.48262831101996934,False
Monaco,Monaco,,224.0,1.0,,,True
Mongolia,China,1397715000.0,90667.0,4739.0,0.06486801672730134,0.003390533835581646,False
Mongolia,Mongolia,3225167.0,315.0,0.0,0.09766936099743052,0.0,True
Mongolia,Russia,144373535.0,1237504.0,21663.0,8.571543254101245,0.150048275814539,False
Montenegro,Albania,2854191.0,14568.0,403.0,5.104073273302312,0.14119587651982646,False
Montenegro,Bosnia and Herzegovina,3301000.0,28710.0,903.0,8.697364435019692,0.2735534686458649,False
Montenegro,Croatia,4067500.0,18084.0,304.0,4.445974185617701,0.07473878303626305,False
Montenegro,Montenegro,622137.0,12584.0,188.0,20.22705609857636,0.3021842455922088,True
Montenegro,Serbia,6944975.0,34072.0,757.0,4.905993182120886,0.10899967242502673,False
Morocco,Algeria,43053054.0,52399.0,1773.0,1.2170797453764837,0.041181747524809735,False
Morocco,Morocco,36471769.0,137248.0,2410.0,3.7631297785418636,0.0660785058163754,True
Morocco,Spain,47076781.0,825410.0,32486.0,17.533271869204484,0.6900641740989045,False
Mozambique,Malawi,18628747.0,5796.0,180.0,0.31113203695342473,0.009662485619671576,False
Mozambique,Mozambique,30366036.0,9398.0,67.0,0.3094905110433248,0.0022064124537032096,True
Mozambique,South Africa,58558270.0,683242.0,17103.0,11.667728571899408,0.29206805460612134,False
Mozambique,Swaziland,1148130.0,5598.0,112.0,4.875754487732226,0.097549929015007,False
Mozambique,Tanzania,58005463.0,509.0,21.0,0.008775035551392807,0.0003620348655780922,False
Mozambique,Zambia,17861030.0,15170.0,334.0,0.8493351167317899,0.018699929399368348,False
Mozambique,Zimbabwe,14645468.0,7915.0,229.0,0.5404402235558468,0.01563623641115463,False
Myanmar,Bangladesh,163046161.0,371631.0,5405.0,2.2792992961054757,0.03315012121015226,False
Myanmar,China,1397715000.0,90667.0,4739.0,0.06486801672730134,0.003390533835581646,False
Myanmar,India,1366417754.0,6757131.0,104555.0,4.945142860021709,0.07651759477943668,False
Myanmar,Lao,7169455.0,23.0,0.0,0.003208054168692042,0.0,False
Myanmar,Myanmar,54045420.0,20033.0,471.0,0.3706697070723107,0.008714892029703904,True
Myanmar,Thailand,69625582.0,3615.0,59.0,0.05192057137849131,0.0008473896850154875,False
Namibia,Angola,31825295.0,5725.0,211.0,0.17988835610164808,0.006629946399554191,False
Namibia,Botswana,2303697.0,3172.0,16.0,1.376917190064492,0.006945357831346743,False
Namibia,Namibia,2494530.0,11673.0,125.0,4.679438611682361,0.050109639892083876,True
Namibia,South Africa,58558270.0,683242.0,17103.0,11.667728571899408,0.29206805460612134,False
Namibia,Zambia,17861030.0,15170.0,334.0,0.8493351167317899,0.018699929399368348,False
Nepal,China,1397715000.0,90667.0,4739.0,0.06486801672730134,0.003390533835581646,False
Nepal,India,1366417754.0,6757131.0,104555.0,4.945142860021709,0.07651759477943668,False
Nepal,Nepal,28608710.0,90814.0,563.0,3.174347952074735,0.01967932143742238,True
Netherlands,Belgium,11484055.0,134197.0,10092.0,11.685506556699702,0.8787836700538268,False
Netherlands,Germany,83132799.0,306086.0,9562.0,3.681892149451145,0.11502078740305616,False
Netherlands,Netherlands,17332850.0,144838.0,6473.0,8.356271472954536,0.3734527212778049,True
New Zealand,New Zealand,4917000.0,1505.0,25.0,0.3060809436648363,0.005084401057555419,True
Nicaragua,Costa Rica,5047561.0,82142.0,1004.0,16.273602240765392,0.19890794781875842,False
Nicaragua,Honduras,9746117.0,80662.0,2447.0,8.276321739211628,0.25107435094407343,False
Nicaragua,Nicaragua,6545502.0,5264.0,153.0,0.8042163916533828,0.02337483053247864,True
Niger,Algeria,43053054.0,52399.0,1773.0,1.2170797453764837,0.041181747524809735,False
Niger,Benin,11801151.0,2357.0,41.0,0.1997262809364951,0.003474237385827874,False
Niger,Burkina Faso,20321378.0,2197.0,59.0,0.10811274707847077,0.0029033464167636663,False
Niger,Chad,15946876.0,1238.0,88.0,0.07763276017196095,0.00551832220931548,False
Niger,Libya,6777452.0,38468.0,602.0,5.6758793717757055,0.08882394150486052,False
Niger,Mali,19658031.0,3195.0,131.0,0.1625289938753276,0.006663943097861632,False
Niger,Niger,23310715.0,1200.0,69.0,0.05147847245354765,0.00296001216607899,True
Niger,Nigeria,200963599.0,59583.0,1113.0,0.29648652938386116,0.005538316419183954,False
Nigeria,Benin,11801151.0,2357.0,41.0,0.1997262809364951,0.003474237385827874,False
Nigeria,Cameroon,25876380.0,20924.0,420.0,0.8086138787573841,0.016231018403656153,False
Nigeria,Chad,15946876.0,1238.0,88.0,0.07763276017196095,0.00551832220931548,False
Nigeria,Niger,23310715.0,1200.0,69.0,0.05147847245354765,0.00296001216607899,False
Nigeria,Nigeria,200963599.0,59583.0,1113.0,0.29648652938386116,0.005538316419183954,True
North Macedonia,Albania,2854191.0,14568.0,403.0,5.104073273302312,0.14119587651982646,False
North Macedonia,Bulgaria,6975761.0,22306.0,862.0,3.1976439559784233,0.12357074733495026,False
North Macedonia,Greece,10716322.0,20541.0,420.0,1.9167957065866443,0.03919255132497885,False
North Macedonia,Serbia,6944975.0,34072.0,757.0,4.905993182120886,0.10899967242502673,False
Norway,Finland,5520314.0,10929.0,346.0,1.9797786865022533,0.06267759406439562,False
Norway,Norway,5347896.0,14604.0,275.0,2.730793568162133,0.05142209197785447,True
Norway,Russia,144373535.0,1237504.0,21663.0,8.571543254101245,0.150048275814539,False
Norway,Sweden,10285453.0,96145.0,5883.0,9.347668012288812,0.5719728630328679,False
Oman,Oman,4974986.0,102648.0,990.0,20.63282188130781,0.19899553486180663,True
Oman,Saudi Arabia,34268528.0,337243.0,4923.0,9.841187225783377,0.14365951172457714,False
Oman,United Arab Emirates,9770529.0,100794.0,435.0,10.316125155557083,0.04452164258455197,False
Oman,Yemen,29161922.0,2045.0,593.0,0.0701256933613635,0.02033473651016555,False
Pakistan,Afghanistan,38041754.0,39548.0,1469.0,1.0395945465606027,0.03861546447095999,False
Pakistan,China,1397715000.0,90667.0,4739.0,0.06486801672730134,0.003390533835581646,False
Pakistan,India,1366417754.0,6757131.0,104555.0,4.945142860021709,0.07651759477943668,False
Pakistan,Iran,82913906.0,479825.0,27419.0,5.787026846859681,0.33069241726472276,False
Pakistan,Pakistan,216565318.0,316351.0,6535.0,1.4607648303132268,0.030175653518076242,True
Palestine,Egypt,100388073.0,103902.0,6001.0,1.0350034311346927,0.059778017653551334,False
Palestine,Israel,9053300.0,277026.0,1797.0,30.599449924336984,0.19849115792031635,False
Palestine,Jordan,10101694.0,19001.0,122.0,1.8809716469336728,0.012077182302295042,False
Palestine,Palestine,,53429.0,412.0,,,True
Panama,Colombia,50339443.0,869808.0,27017.0,17.2788562638645,0.5366964429860697,False
Panama,Costa Rica,5047561.0,82142.0,1004.0,16.273602240765392,0.19890794781875842,False
Panama,Panama,4246439.0,116602.0,2440.0,27.458771926312846,0.5745990934992826,True
Papua New Guinea,Indonesia,270625568.0,311176.0,11374.0,1.149839618997123,0.04202854920197341,False
Papua New Guinea,Papua New Guinea,,541.0,7.0,,,True
Paraguay,Argentina,44938712.0,824455.0,21827.0,18.34620894341609,0.48570595436736147,False
Paraguay,Bolivia,11513100.0,137468.0,8156.0,11.940137756121286,0.708410419435252,False
Paraguay,Brazil,211049527.0,4969141.0,147494.0,23.54490469907568,0.6988596567667267,False
Paraguay,Paraguay,7044636.0,45647.0,966.0,6.4796818458753584,0.13712560876104882,True
Peru,Bolivia,11513100.0,137468.0,8156.0,11.940137756121286,0.708410419435252,False
Peru,Brazil,211049527.0,4969141.0,147494.0,23.54490469907568,0.6988596567667267,False
Peru,Chile,18952038.0,473306.0,13070.0,24.973884075158566,0.6896355948632015,False
Peru,Colombia,50339443.0,869808.0,27017.0,17.2788562638645,0.5366964429860697,False
Peru,Ecuador,17373662.0,142056.0,11702.0,8.17651454252995,0.6735482709402313,False
Peru,Peru,32510453.0,832929.0,32914.0,25.620344324331622,1.0124128384184619,True
Philippines,Philippines,108116615.0,326833.0,5865.0,3.0229673764758545,0.0542469813728445,True
Poland,Belarus,9466856.0,81090.0,868.0,8.565673756947396,0.09168830707892885,False
Poland,Czech Republic,10669709.0,90022.0,794.0,8.437156064893616,0.07441627508304116,False
Poland,Germany,83132799.0,306086.0,9562.0,3.681892149451145,0.11502078740305616,False
Poland,Lithuania,2786844.0,5366.0,99.0,1.9254755558617562,0.03552405516778119,False
Poland,Poland,37970874.0,104316.0,2717.0,2.747263599989824,0.07155484490559791,True
Poland,Russia,144373535.0,1237504.0,21663.0,8.571543254101245,0.150048275814539,False
Poland,Slovak Republic,5454073.0,13812.0,55.0,2.5324193497226752,0.010084206793711782,False
Poland,Ukraine,44385155.0,234584.0,4520.0,5.285190510205496,0.10183585029724466,False
Portugal,Portugal,10269417.0,80312.0,2032.0,7.820502371264113,0.19786907085377875,True
Portugal,Spain,47076781.0,825410.0,32486.0,17.533271869204484,0.6900641740989045,False
Qatar,Qatar,2832067.0,126943.0,216.0,44.82344520804063,0.07626938204498693,True
Qatar,Saudi Arabia,34268528.0,337243.0,4923.0,9.841187225783377,0.14365951172457714,False
Romania,Bulgaria,6975761.0,22306.0,862.0,3.1976439559784233,0.12357074733495026,False
Romania,Hungary,9769949.0,33114.0,877.0,3.3893728616188272,0.08976505404480617,False
Romania,Moldova,2657637.0,57732.0,1389.0,21.723056986337863,0.5226447404216602,False
Romania,Romania,19356544.0,139612.0,5121.0,7.212651184013014,0.2645616903513355,True
Romania,Serbia,6944975.0,34072.0,757.0,4.905993182120886,0.10899967242502673,False
Romania,Ukraine,44385155.0,234584.0,4520.0,5.285190510205496,0.10183585029724466,False
Russia,Azerbaijan,10023318.0,40931.0,600.0,4.083577913022414,0.05986041747852358,False
Russia,Belarus,9466856.0,81090.0,868.0,8.565673756947396,0.09168830707892885,False
Russia,China,1397715000.0,90667.0,4739.0,0.06486801672730134,0.003390533835581646,False
Russia,Estonia,1326590.0,3659.0,67.0,2.7581995944489255,0.05050543121838699,False
Russia,Finland,5520314.0,10929.0,346.0,1.9797786865022533,0.06267759406439562,False
Russia,Georgia,3720382.0,9245.0,58.0,2.484959877775992,0.015589796961709845,False
Russia,Kazakhstan,18513930.0,142239.0,2107.0,7.682809646574228,0.11380619889996343,False
Russia,Latvia,1912789.0,2194.0,39.0,1.14701621558886,0.02038907584683935,False
Russia,Lithuania,2786844.0,5366.0,99.0,1.9254755558617562,0.03552405516778119,False
Russia,Mongolia,3225167.0,315.0,0.0,0.09766936099743052,0.0,False
Russia,Norway,5347896.0,14604.0,275.0,2.730793568162133,0.05142209197785447,False
Russia,Poland,37970874.0,104316.0,2717.0,2.747263599989824,0.07155484490559791,False
Russia,Russia,144373535.0,1237504.0,21663.0,8.571543254101245,0.150048275814539,True
Russia,South Korea,51709098.0,24353.0,425.0,0.4709616091156724,0.008219056538174384,False
Russia,Ukraine,44385155.0,234584.0,4520.0,5.285190510205496,0.10183585029724466,False
Rwanda,Burundi,11530580.0,514.0,1.0,0.04457711580857164,8.672590624235729e-05,False
Rwanda,"Congo, Dem. Rep.",86790567.0,10778.0,274.0,0.1241840026232344,0.0031570251177181503,False
Rwanda,Rwanda,12626950.0,4873.0,29.0,0.3859205904830541,0.002296674969014687,True
Rwanda,Tanzania,58005463.0,509.0,21.0,0.008775035551392807,0.0003620348655780922,False
Rwanda,Uganda,44269594.0,9082.0,84.0,0.20515209604135967,0.0018974648830075106,False
San Marino,Italy,60297396.0,330263.0,36030.0,5.4772348709718734,0.5975382419499509,False
San Marino,San Marino,,751.0,42.0,,,True
Sao Tome and Principe,Sao Tome and Principe,215056.0,914.0,15.0,4.250055799419686,0.06974927460754408,True
Saudi Arabia,Iraq,39309783.0,387121.0,9531.0,9.847955660299625,0.24245872840356306,False
Saudi Arabia,Jordan,10101694.0,19001.0,122.0,1.8809716469336728,0.012077182302295042,False
Saudi Arabia,Kuwait,4207083.0,108268.0,632.0,25.734695512306267,0.15022285036924632,False
Saudi Arabia,Oman,4974986.0,102648.0,990.0,20.63282188130781,0.19899553486180663,False
Saudi Arabia,Qatar,2832067.0,126943.0,216.0,44.82344520804063,0.07626938204498693,False
Saudi Arabia,Saudi Arabia,34268528.0,337243.0,4923.0,9.841187225783377,0.14365951172457714,True
Saudi Arabia,United Arab Emirates,9770529.0,100794.0,435.0,10.316125155557083,0.04452164258455197,False
Saudi Arabia,Yemen,29161922.0,2045.0,593.0,0.0701256933613635,0.02033473651016555,False
Senegal,Gambia,2347706.0,3613.0,117.0,1.5389490847661504,0.049835882346426684,False
Senegal,Guinea,12771246.0,10863.0,68.0,0.8505826291342286,0.005324460902248692,False
Senegal,Guinea-Bissau,1920922.0,2362.0,39.0,1.2296178605898624,0.020302750450044302,False
Senegal,Mali,19658031.0,3195.0,131.0,0.1625289938753276,0.006663943097861632,False
Senegal,Mauritania,4525696.0,7523.0,162.0,1.6622857567101281,0.035795599174138076,False
Senegal,Senegal,16296364.0,15141.0,312.0,0.9291029581813465,0.01914537500512384,True
Serbia,Albania,2854191.0,14568.0,403.0,5.104073273302312,0.14119587651982646,False
Serbia,Bosnia and Herzegovina,3301000.0,28710.0,903.0,8.697364435019692,0.2735534686458649,False
Serbia,Bulgaria,6975761.0,22306.0,862.0,3.1976439559784233,0.12357074733495026,False
Serbia,Croatia,4067500.0,18084.0,304.0,4.445974185617701,0.07473878303626305,False
Serbia,Hungary,9769949.0,33114.0,877.0,3.3893728616188272,0.08976505404480617,False
Serbia,Montenegro,622137.0,12584.0,188.0,20.22705609857636,0.3021842455922088,False
Serbia,Romania,19356544.0,139612.0,5121.0,7.212651184013014,0.2645616903513355,False
Serbia,Serbia,6944975.0,34072.0,757.0,4.905993182120886,0.10899967242502673,True
Seychelles,Seychelles,97625.0,148.0,0.0,1.5160051216389243,0.0,True
Sierra Leone,Guinea,12771246.0,10863.0,68.0,0.8505826291342286,0.005324460902248692,False
Sierra Leone,Liberia,4937374.0,1354.0,82.0,0.27423484629683714,0.01660801875652928,False
Sierra Leone,Sierra Leone,7813215.0,2277.0,72.0,0.29142932838786595,0.009215156628865327,True
Singapore,Singapore,5703569.0,57830.0,27.0,10.13926543187257,0.004733878033210433,True
Slovak Republic,Austria,8877067.0,50435.0,840.0,5.681493673529782,0.0946258488304752,False
Slovak Republic,Czech Republic,10669709.0,90022.0,794.0,8.437156064893616,0.07441627508304116,False
Slovak Republic,Hungary,9769949.0,33114.0,877.0,3.3893728616188272,0.08976505404480617,False
Slovak Republic,Poland,37970874.0,104316.0,2717.0,2.747263599989824,0.07155484490559791,False
Slovak Republic,Slovak Republic,5454073.0,13812.0,55.0,2.5324193497226752,0.010084206793711782,True
Slovak Republic,Ukraine,44385155.0,234584.0,4520.0,5.285190510205496,0.10183585029724466,False
Slovenia,Austria,8877067.0,50435.0,840.0,5.681493673529782,0.0946258488304752,False
Slovenia,Croatia,4067500.0,18084.0,304.0,4.445974185617701,0.07473878303626305,False
Slovenia,Hungary,9769949.0,33114.0,877.0,3.3893728616188272,0.08976505404480617,False
Slovenia,Italy,60297396.0,330263.0,36030.0,5.4772348709718734,0.5975382419499509,False
Slovenia,Slovenia,2087946.0,6768.0,141.0,3.2414631412881367,0.06753048211016952,True
Somalia,Djibouti,973560.0,5423.0,61.0,5.570278154402399,0.06265664160401002,False
Somalia,Ethiopia,112078730.0,80003.0,1238.0,0.7138107292971646,0.011045806818117943,False
Somalia,Kenya,52573973.0,39586.0,743.0,0.7529581224534809,0.0141324681701343,False
Somalia,Somalia,15442905.0,3745.0,99.0,0.24250618649794192,0.00641071093812984,True
South Africa,Botswana,2303697.0,3172.0,16.0,1.376917190064492,0.006945357831346743,False
South Africa,Lesotho,2125268.0,1683.0,39.0,0.7919001274192242,0.018350626838591653,False
South Africa,Mozambique,30366036.0,9398.0,67.0,0.3094905110433248,0.0022064124537032096,False
South Africa,Namibia,2494530.0,11673.0,125.0,4.679438611682361,0.050109639892083876,False
South Africa,South Africa,58558270.0,683242.0,17103.0,11.667728571899408,0.29206805460612134,True
South Africa,Swaziland,1148130.0,5598.0,112.0,4.875754487732226,0.097549929015007,False
South Africa,Zimbabwe,14645468.0,7915.0,229.0,0.5404402235558468,0.01563623641115463,False
South Korea,China,1397715000.0,90667.0,4739.0,0.06486801672730134,0.003390533835581646,False
South Korea,Russia,144373535.0,1237504.0,21663.0,8.571543254101245,0.150048275814539,False
South Korea,South Korea,51709098.0,24353.0,425.0,0.4709616091156724,0.008219056538174384,True
South Sudan,Central African Republic,4745185.0,4852.0,62.0,1.0225101866418276,0.013065876251400103,False
South Sudan,"Congo, Dem. Rep.",86790567.0,10778.0,274.0,0.1241840026232344,0.0031570251177181503,False
South Sudan,Ethiopia,112078730.0,80003.0,1238.0,0.7138107292971646,0.011045806818117943,False
South Sudan,Kenya,52573973.0,39586.0,743.0,0.7529581224534809,0.0141324681701343,False
South Sudan,South Sudan,,2734.0,50.0,,,True
South Sudan,Sudan,42813238.0,13653.0,836.0,0.3188966926538002,0.01952667069937574,False
South Sudan,Uganda,44269594.0,9082.0,84.0,0.20515209604135967,0.0018974648830075106,False
Spain,Andorra,77142.0,2370.0,53.0,30.722563584039822,0.6870446708667134,False
Spain,France,67059887.0,634763.0,32365.0,9.465613922075352,0.48262831101996934,False
Spain,Morocco,36471769.0,137248.0,2410.0,3.7631297785418636,0.0660785058163754,False
Spain,Portugal,10269417.0,80312.0,2032.0,7.820502371264113,0.19786907085377875,False
Spain,Spain,47076781.0,825410.0,32486.0,17.533271869204484,0.6900641740989045,True
Sri Lanka,Sri Lanka,21803000.0,4252.0,13.0,0.19501903407787918,0.0005962482227216438,True
St. Kitts and Nevis,St. Kitts and Nevis,,19.0,0.0,,,True
St. Lucia,St. Lucia,182790.0,27.0,0.0,0.14771048744460855,0.0,True
St. Vincent and the Grenadines,St. Vincent and the Grenadines,110589.0,64.0,0.0,0.5787194024722169,0.0,True
Sudan,Central African Republic,4745185.0,4852.0,62.0,1.0225101866418276,0.013065876251400103,False
Sudan,Chad,15946876.0,1238.0,88.0,0.07763276017196095,0.00551832220931548,False
Sudan,Egypt,100388073.0,103902.0,6001.0,1.0350034311346927,0.059778017653551334,False
Sudan,Eritrea,,398.0,0.0,,,False
Sudan,Ethiopia,112078730.0,80003.0,1238.0,0.7138107292971646,0.011045806818117943,False
Sudan,Libya,6777452.0,38468.0,602.0,5.6758793717757055,0.08882394150486052,False
Sudan,South Sudan,,2734.0,50.0,,,False
Sudan,Sudan,42813238.0,13653.0,836.0,0.3188966926538002,0.01952667069937574,True
Suriname,Brazil,211049527.0,4969141.0,147494.0,23.54490469907568,0.6988596567667267,False
Suriname,Guyana,782766.0,3188.0,92.0,4.072736935431534,0.11753193163729646,False
Suriname,Suriname,581372.0,4965.0,106.0,8.540142972141762,0.18232732226526216,True
Swaziland,Mozambique,30366036.0,9398.0,67.0,0.3094905110433248,0.0022064124537032096,False
Swaziland,South Africa,58558270.0,683242.0,17103.0,11.667728571899408,0.29206805460612134,False
Swaziland,Swaziland,1148130.0,5598.0,112.0,4.875754487732226,0.097549929015007,True
Sweden,Finland,5520314.0,10929.0,346.0,1.9797786865022533,0.06267759406439562,False
Sweden,Norway,5347896.0,14604.0,275.0,2.730793568162133,0.05142209197785447,False
Sweden,Sweden,10285453.0,96145.0,5883.0,9.347668012288812,0.5719728630328679,True
Switzerland,Austria,8877067.0,50435.0,840.0,5.681493673529782,0.0946258488304752,False
Switzerland,France,67059887.0,634763.0,32365.0,9.465613922075352,0.48262831101996934,False
Switzerland,Germany,83132799.0,306086.0,9562.0,3.681892149451145,0.11502078740305616,False
Switzerland,Italy,60297396.0,330263.0,36030.0,5.4772348709718734,0.5975382419499509,False
Switzerland,Liechtenstein,,130.0,1.0,,,False
Switzerland,Switzerland,8574832.0,56502.0,1786.0,6.589283615119223,0.20828396404734228,True
Syria,Iraq,39309783.0,387121.0,9531.0,9.847955660299625,0.24245872840356306,False
Syria,Israel,9053300.0,277026.0,1797.0,30.599449924336984,0.19849115792031635,False
Syria,Jordan,10101694.0,19001.0,122.0,1.8809716469336728,0.012077182302295042,False
Syria,Lebanon,6855713.0,46918.0,424.0,6.843635373884526,0.06184622956065985,False
Syria,Syria,17070135.0,4457.0,209.0,0.2610992824602735,0.01224360557195359,True
Syria,Turkey,83429615.0,327557.0,8553.0,3.9261478073463483,0.10251755326930372,False
Tajikistan,Afghanistan,38041754.0,39548.0,1469.0,1.0395945465606027,0.03861546447095999,False
Tajikistan,China,1397715000.0,90667.0,4739.0,0.06486801672730134,0.003390533835581646,False
Tajikistan,Kyrgyz Republic,6456900.0,47799.0,1500.0,7.402778423082284,0.23230962226455418,False
Tajikistan,Tajikistan,9321018.0,10014.0,78.0,1.0743461712014717,0.008368184676823926,True
Tajikistan,Uzbekistan,33580650.0,59343.0,489.0,1.767178419714925,0.014561957555913897,False
Tanzania,Burundi,11530580.0,514.0,1.0,0.04457711580857164,8.672590624235729e-05,False
Tanzania,"Congo, Dem. Rep.",86790567.0,10778.0,274.0,0.1241840026232344,0.0031570251177181503,False
Tanzania,Kenya,52573973.0,39586.0,743.0,0.7529581224534809,0.0141324681701343,False
Tanzania,Malawi,18628747.0,5796.0,180.0,0.31113203695342473,0.009662485619671576,False
Tanzania,Mozambique,30366036.0,9398.0,67.0,0.3094905110433248,0.0022064124537032096,False
Tanzania,Rwanda,12626950.0,4873.0,29.0,0.3859205904830541,0.002296674969014687,False
Tanzania,Tanzania,58005463.0,509.0,21.0,0.008775035551392807,0.0003620348655780922,True
Tanzania,Uganda,44269594.0,9082.0,84.0,0.20515209604135967,0.0018974648830075106,False
Tanzania,Zambia,17861030.0,15170.0,334.0,0.8493351167317899,0.018699929399368348,False
Thailand,Cambodia,16486542.0,280.0,0.0,0.016983549370146876,0.0,False
Thailand,Lao,7169455.0,23.0,0.0,0.003208054168692042,0.0,False
Thailand,Malaysia,31949777.0,13504.0,141.0,0.42266335693047247,0.004413176342357569,False
Thailand,Myanmar,54045420.0,20033.0,471.0,0.3706697070723107,0.008714892029703904,False
Thailand,Thailand,69625582.0,3615.0,59.0,0.05192057137849131,0.0008473896850154875,True
Timor-Leste,Indonesia,270625568.0,311176.0,11374.0,1.149839618997123,0.04202854920197341,False
Togo,Benin,11801151.0,2357.0,41.0,0.1997262809364951,0.003474237385827874,False
Togo,Burkina Faso,20321378.0,2197.0,59.0,0.10811274707847077,0.0029033464167636663,False
Togo,Ghana,30417856.0,46829.0,303.0,1.5395233641713606,0.00996125433692631,False
Togo,Togo,8082366.0,1881.0,49.0,0.23272888161709082,0.00606258117981789,True
Trinidad and Tobago,Trinidad and Tobago,1394973.0,4846.0,83.0,3.4739023622679435,0.05949935948581084,True
Tunisia,Algeria,43053054.0,52399.0,1773.0,1.2170797453764837,0.041181747524809735,False
Tunisia,Libya,6777452.0,38468.0,602.0,5.6758793717757055,0.08882394150486052,False
Tunisia,Tunisia,11694719.0,23453.0,321.0,2.0054351028015294,0.027448286701031464,True
Turkey,Armenia,2957731.0,53083.0,990.0,17.947203447507565,0.33471603739488137,False
Turkey,Azerbaijan,10023318.0,40931.0,600.0,4.083577913022414,0.05986041747852358,False
Turkey,Bulgaria,6975761.0,22306.0,862.0,3.1976439559784233,0.12357074733495026,False
Turkey,Georgia,3720382.0,9245.0,58.0,2.484959877775992,0.015589796961709845,False
Turkey,Greece,10716322.0,20541.0,420.0,1.9167957065866443,0.03919255132497885,False
Turkey,Iran,82913906.0,479825.0,27419.0,5.787026846859681,0.33069241726472276,False
Turkey,Iraq,39309783.0,387121.0,9531.0,9.847955660299625,0.24245872840356306,False
Turkey,Syria,17070135.0,4457.0,209.0,0.2610992824602735,0.01224360557195359,False
Turkey,Turkey,83429615.0,327557.0,8553.0,3.9261478073463483,0.10251755326930372,True
Turkmenistan,Afghanistan,38041754.0,39548.0,1469.0,1.0395945465606027,0.03861546447095999,False
Turkmenistan,Iran,82913906.0,479825.0,27419.0,5.787026846859681,0.33069241726472276,False
Turkmenistan,Kazakhstan,18513930.0,142239.0,2107.0,7.682809646574228,0.11380619889996343,False
Turkmenistan,Uzbekistan,33580650.0,59343.0,489.0,1.767178419714925,0.014561957555913897,False
Uganda,"Congo, Dem. Rep.",86790567.0,10778.0,274.0,0.1241840026232344,0.0031570251177181503,False
Uganda,Kenya,52573973.0,39586.0,743.0,0.7529581224534809,0.0141324681701343,False
Uganda,Rwanda,12626950.0,4873.0,29.0,0.3859205904830541,0.002296674969014687,False
Uganda,South Sudan,,2734.0,50.0,,,False
Uganda,Tanzania,58005463.0,509.0,21.0,0.008775035551392807,0.0003620348655780922,False
Uganda,Uganda,44269594.0,9082.0,84.0,0.20515209604135967,0.0018974648830075106,True
Ukraine,Belarus,9466856.0,81090.0,868.0,8.565673756947396,0.09168830707892885,False
Ukraine,Hungary,9769949.0,33114.0,877.0,3.3893728616188272,0.08976505404480617,False
Ukraine,Moldova,2657637.0,57732.0,1389.0,21.723056986337863,0.5226447404216602,False
Ukraine,Poland,37970874.0,104316.0,2717.0,2.747263599989824,0.07155484490559791,False
Ukraine,Romania,19356544.0,139612.0,5121.0,7.212651184013014,0.2645616903513355,False
Ukraine,Russia,144373535.0,1237504.0,21663.0,8.571543254101245,0.150048275814539,False
Ukraine,Slovak Republic,5454073.0,13812.0,55.0,2.5324193497226752,0.010084206793711782,False
Ukraine,Ukraine,44385155.0,234584.0,4520.0,5.285190510205496,0.10183585029724466,True
United Arab Emirates,Oman,4974986.0,102648.0,990.0,20.63282188130781,0.19899553486180663,False
United Arab Emirates,Saudi Arabia,34268528.0,337243.0,4923.0,9.841187225783377,0.14365951172457714,False
United Arab Emirates,United Arab Emirates,9770529.0,100794.0,435.0,10.316125155557083,0.04452164258455197,True
United Kingdom,Ireland,4941444.0,38975.0,1811.0,7.887370574269383,0.36649206183455685,False
United Kingdom,United Kingdom,66834405.0,530113.0,42445.0,7.931738151929385,0.6350770983896692,True
United States,Canada,37589262.0,171323.0,9530.0,4.557764395587229,0.25352985115802484,False
United States,Mexico,127575529.0,769558.0,79714.0,6.032175653373148,0.6248376990856922,False
United States,United States,328239523.0,7501612.0,210909.0,22.854079031792892,0.642546022710373,True
Uruguay,Argentina,44938712.0,824455.0,21827.0,18.34620894341609,0.48570595436736147,False
Uruguay,Brazil,211049527.0,4969141.0,147494.0,23.54490469907568,0.6988596567667267,False
Uruguay,Uruguay,3461734.0,2177.0,49.0,0.6288755866279732,0.014154755969118367,True
Uzbekistan,Afghanistan,38041754.0,39548.0,1469.0,1.0395945465606027,0.03861546447095999,False
Uzbekistan,Kazakhstan,18513930.0,142239.0,2107.0,7.682809646574228,0.11380619889996343,False
Uzbekistan,Kyrgyz Republic,6456900.0,47799.0,1500.0,7.402778423082284,0.23230962226455418,False
Uzbekistan,Tajikistan,9321018.0,10014.0,78.0,1.0743461712014717,0.008368184676823926,False
Uzbekistan,Uzbekistan,33580650.0,59343.0,489.0,1.767178419714925,0.014561957555913897,True
Venezuela,Brazil,211049527.0,4969141.0,147494.0,23.54490469907568,0.6988596567667267,False
Venezuela,Colombia,50339443.0,869808.0,27017.0,17.2788562638645,0.5366964429860697,False
Venezuela,Guyana,782766.0,3188.0,92.0,4.072736935431534,0.11753193163729646,False
Venezuela,Venezuela,28515829.0,79796.0,665.0,2.7983054604514566,0.02332038111183792,True
Vietnam,Cambodia,16486542.0,280.0,0.0,0.016983549370146876,0.0,False
Vietnam,China,1397715000.0,90667.0,4739.0,0.06486801672730134,0.003390533835581646,False
Vietnam,Lao,7169455.0,23.0,0.0,0.003208054168692042,0.0,False
Vietnam,Vietnam,96462106.0,1098.0,35.0,0.011382708148627815,0.00036283678069396494,True
Western Sahara,Algeria,43053054.0,52399.0,1773.0,1.2170797453764837,0.041181747524809735,False
Western Sahara,Mauritania,4525696.0,7523.0,162.0,1.6622857567101281,0.035795599174138076,False
Western Sahara,Morocco,36471769.0,137248.0,2410.0,3.7631297785418636,0.0660785058163754,False
Yemen,Oman,4974986.0,102648.0,990.0,20.63282188130781,0.19899553486180663,False
Yemen,Saudi Arabia,34268528.0,337243.0,4923.0,9.841187225783377,0.14365951172457714,False
Yemen,Yemen,29161922.0,2045.0,593.0,0.0701256933613635,0.02033473651016555,True
Zambia,Angola,31825295.0,5725.0,211.0,0.17988835610164808,0.006629946399554191,False
Zambia,Botswana,2303697.0,3172.0,16.0,1.376917190064492,0.006945357831346743,False
Zambia,"Congo, Dem. Rep.",86790567.0,10778.0,274.0,0.1241840026232344,0.0031570251177181503,False
Zambia,Malawi,18628747.0,5796.0,180.0,0.31113203695342473,0.009662485619671576,False
Zambia,Mozambique,30366036.0,9398.0,67.0,0.3094905110433248,0.0022064124537032096,False
Zambia,Namibia,2494530.0,11673.0,125.0,4.679438611682361,0.050109639892083876,False
Zambia,Tanzania,58005463.0,509.0,21.0,0.008775035551392807,0.0003620348655780922,False
Zambia,Zambia,17861030.0,15170.0,334.0,0.8493351167317899,0.018699929399368348,True
Zambia,Zimbabwe,14645468.0,7915.0,229.0,0.5404402235558468,0.01563623641115463,False
Zimbabwe,Botswana,2303697.0,3172.0,16.0,1.376917190064492,0.006945357831346743,False
Zimbabwe,Mozambique,30366036.0,9398.0,67.0,0.3094905110433248,0.0022064124537032096,False
Zimbabwe,South Africa,58558270.0,683242.0,17103.0,11.667728571899408,0.29206805460612134,False
Zimbabwe,Zambia,17861030.0,15170.0,334.0,0.8493351167317899,0.018699929399368348,False
Zimbabwe,Zimbabwe,14645468.0,7915.0,229.0,0.5404402235558468,0.01563623641115463,True
